{"params_name": ["mu", "l1", "l2", "g"], "params": [0.9900990099009901, 1, 0.5, 9.81], "variables_name": ["t", "Theta10", "Theta20", "dTheta10", "dTheta20"], "initial_state": [0, 0.5235987755982988, 1.5707963267948966, 0, 0], "dt": 0.01, "T": 10}